{"_id":"566eec69662b388eba464299","IdGymnase":{"$numberInt":"1"},"NomGymnase":"PAUL ELUARD","Adresse":"2 rue des pépines","Ville":"STAINS","Surface":{"$numberInt":"200"},"Seances":[{"IdSportifEntraineur":{"$numberInt":"149"},"Jour":"Samedi","Horaire":{"$numberDouble":"9.0"},"Duree":{"$numberInt":"60"},"Libelle":"Basket ball"},{"IdSportifEntraineur":{"$numberInt":"1"},"Jour":"Lundi","Horaire":{"$numberDouble":"9.0"},"Duree":{"$numberInt":"60"},"Libelle":"Hand ball"},{"IdSportifEntraineur":{"$numberInt":"1"},"Jour":"Lundi","Horaire":{"$numberDouble":"10.0"},"Duree":{"$numberInt":"60"},"Libelle":"Hand ball"},{"IdSportifEntraineur":{"$numberInt":"1"},"Jour":"Lundi","Horaire":{"$numberDouble":"11.3"},"Duree":{"$numberInt":"60"},"Libelle":"Hand ball"},{"IdSportifEntraineur":{"$numberInt":"1"},"Jour":"Lundi","Horaire":{"$numberDouble":"14.0"},"Duree":{"$numberInt":"90"},"Libelle":"Hand ball"},{"IdSportifEntraineur":{"$numberInt":"1"},"Jour":"lundi","Horaire":{"$numberDouble":"17.3"},"Duree":{"$numberInt":"120"},"Libelle":"Hand ball"},{"IdSportifEntraineur":{"$numberInt":"1"},"Jour":"Lundi","Horaire":{"$numberDouble":"19.3"},"Duree":{"$numberInt":"120"},"Libelle":"Hand ball"},{"IdSportifEntraineur":{"$numberInt":"2"},"Jour":"Dimanche","Horaire":{"$numberDouble":"17.3"},"Duree":{"$numberInt":"120"},"Libelle":"Hand ball"},{"IdSportifEntraineur":{"$numberInt":"2"},"Jour":"Dimanche","Horaire":{"$numberDouble":"19.3"},"Duree":{"$numberInt":"120"},"Libelle":"Hand ball"},{"IdSportifEntraineur":{"$numberInt":"2"},"Jour":"mardi","Horaire":{"$numberDouble":"17.3"},"Duree":{"$numberInt":"120"},"Libelle":"Hand ball"},{"IdSportifEntraineur":{"$numberInt":"2"},"Jour":"mercredi","Horaire":{"$numberDouble":"17.3"},"Duree":{"$numberInt":"120"},"Libelle":"Hand ball"},{"IdSportifEntraineur":{"$numberInt":"2"},"Jour":"Samedi","Horaire":{"$numberDouble":"15.3"},"Duree":{"$numberInt":"60"},"Libelle":"Hand ball"},{"IdSportifEntraineur":{"$numberInt":"2"},"Jour":"Samedi","Horaire":{"$numberDouble":"16.3"},"Duree":{"$numberInt":"60"},"Libelle":"Hand ball"},{"IdSportifEntraineur":{"$numberInt":"2"},"Jour":"Samedi","Horaire":{"$numberDouble":"17.3"},"Duree":{"$numberInt":"120"},"Libelle":"Hand ball"},{"IdSportifEntraineur":{"$numberInt":"3"},"Jour":"jeudi","Horaire":{"$numberDouble":"20.0"},"Duree":{"$numberInt":"30"},"Libelle":"Hand ball"},{"IdSportifEntraineur":{"$numberInt":"3"},"Jour":"lundi","Horaire":{"$numberDouble":"14.0"},"Duree":{"$numberInt":"60"},"Libelle":"Hand ball"},{"IdSportifEntraineur":{"$numberInt":"3"},"Jour":"lundi","Horaire":{"$numberDouble":"18.0"},"Duree":{"$numberInt":"30"},"Libelle":"Hand ball"},{"IdSportifEntraineur":{"$numberInt":"3"},"Jour":"lundi","Horaire":{"$numberDouble":"19.0"},"Duree":{"$numberInt":"30"},"Libelle":"Hand ball"},{"IdSportifEntraineur":{"$numberInt":"3"},"Jour":"lundi","Horaire":{"$numberDouble":"20.0"},"Duree":{"$numberInt":"30"},"Libelle":"Hand ball"},{"IdSportifEntraineur":{"$numberInt":"7"},"Jour":"mercredi","Horaire":{"$numberDouble":"17.0"},"Duree":{"$numberInt":"90"},"Libelle":"Hockey"}]}
{"_id":"566eec69662b388eba46429a","IdGymnase":{"$numberInt":"2"},"NomGymnase":"ARAGON","Adresse":"Place du Chartres","Ville":"MONTMORENCY","Surface":{"$numberInt":"450"},"Seances":[{"IdSportifEntraineur":{"$numberInt":"57"},"Jour":"dimanche","Horaire":{"$numberDouble":"17.0"},"Duree":{"$numberInt":"60"},"Libelle":"Volley ball"}]}
{"_id":"566eec69662b388eba46429b","IdGymnase":{"$numberInt":"3"},"NomGymnase":"SAINT EXUPERY","Adresse":"47 bvd des brumes","Ville":"PIERREFITTE","Surface":{"$numberInt":"400"},"Seances":[{"IdSportifEntraineur":{"$numberInt":"149"},"Jour":"Mercredi","Horaire":{"$numberDouble":"11.0"},"Duree":{"$numberInt":"30"},"Libelle":"Basket ball"},{"IdSportifEntraineur":{"$numberInt":"57"},"Jour":"lundi","Horaire":{"$numberDouble":"16.3"},"Duree":{"$numberInt":"90"},"Libelle":"Volley ball"},{"IdSportifEntraineur":{"$numberInt":"60"},"Jour":"jeudi","Horaire":{"$numberDouble":"19.0"},"Duree":{"$numberInt":"60"},"Libelle":"Volley ball"}]}
{"_id":"566eec69662b388eba46429c","IdGymnase":{"$numberInt":"4"},"NomGymnase":"PAUL ELUARD","Adresse":"Allée J.B. Lulli","Ville":"SARCELLES","Surface":{"$numberInt":"500"},"Seances":[{"IdSportifEntraineur":{"$numberInt":"149"},"Jour":"Vendredi","Horaire":{"$numberDouble":"10.0"},"Duree":{"$numberInt":"30"},"Libelle":"Basket ball"},{"IdSportifEntraineur":{"$numberInt":"6"},"Jour":"mercredi","Horaire":{"$numberDouble":"19.0"},"Duree":{"$numberInt":"60"},"Libelle":"Hockey"}]}
{"_id":"566eec69662b388eba46429d","IdGymnase":{"$numberInt":"5"},"NomGymnase":"BRASSENS","Adresse":"153 square Loliot","Ville":"SARCELLES","Surface":{"$numberInt":"620"},"Seances":[{"IdSportifEntraineur":{"$numberInt":"57"},"Jour":"lundi","Horaire":{"$numberDouble":"16.3"},"Duree":{"$numberInt":"90"},"Libelle":"Volley ball"},{"IdSportifEntraineur":{"$numberInt":"6"},"Jour":"jeudi","Horaire":{"$numberDouble":"19.0"},"Duree":{"$numberInt":"60"},"Libelle":"Hockey"}]}
{"_id":"566eec69662b388eba46429e","IdGymnase":{"$numberInt":"6"},"NomGymnase":"VERLAINE","Adresse":"14 bvd Serrault","Ville":"STAINS","Surface":{"$numberInt":"400"},"Seances":[{"IdSportifEntraineur":{"$numberInt":"6"},"Jour":"vendredi","Horaire":{"$numberDouble":"19.0"},"Duree":{"$numberInt":"60"},"Libelle":"Hockey"},{"IdSportifEntraineur":{"$numberInt":"7"},"Jour":"jeudi","Horaire":{"$numberDouble":"17.0"},"Duree":{"$numberInt":"90"},"Libelle":"Hockey"}]}
{"_id":"566eec69662b388eba46429f","IdGymnase":{"$numberInt":"7"},"NomGymnase":"JULES FERRY","Adresse":"45 rue de la gare","Ville":"PIERREFITTE","Surface":{"$numberInt":"360"}}
{"_id":"566eec69662b388eba4642a0","IdGymnase":{"$numberInt":"8"},"NomGymnase":"PREVERT","Adresse":"12 rue des collines","Ville":"MONTMORENCY","Surface":{"$numberInt":"420"},"Seances":[{"IdSportifEntraineur":{"$numberInt":"57"},"Jour":"dimanche","Horaire":{"$numberDouble":"17.0"},"Duree":{"$numberInt":"60"},"Libelle":"Volley ball"},{"IdSportifEntraineur":{"$numberInt":"57"},"Jour":"lundi","Horaire":{"$numberDouble":"16.3"},"Duree":{"$numberInt":"90"},"Libelle":"Volley ball"},{"IdSportifEntraineur":{"$numberInt":"60"},"Jour":"vendredi","Horaire":{"$numberDouble":"19.0"},"Duree":{"$numberInt":"60"},"Libelle":"Volley ball"},{"IdSportifEntraineur":{"$numberInt":"7"},"Jour":"samedi","Horaire":{"$numberDouble":"17.0"},"Duree":{"$numberInt":"90"},"Libelle":"Hockey"},{"IdSportifEntraineur":{"$numberInt":"7"},"Jour":"vendredi","Horaire":{"$numberDouble":"14.0"},"Duree":{"$numberInt":"120"},"Libelle":"Hockey"}]}
{"_id":"566eec69662b388eba4642a1","IdGymnase":{"$numberInt":"9"},"NomGymnase":"CAMUS","Adresse":"3 esplanade des quatrans","Ville":"SARCELLES","Surface":{"$numberInt":"620"},"Seances":[{"IdSportifEntraineur":{"$numberInt":"6"},"Jour":"samedi","Horaire":{"$numberDouble":"19.0"},"Duree":{"$numberInt":"60"},"Libelle":"Hockey"}]}
{"_id":"566eec69662b388eba4642a2","IdGymnase":{"$numberInt":"10"},"NomGymnase":"RIMBAUD","Adresse":"140 bvd Diderot","Ville":"STAINS","Surface":{"$numberInt":"400"},"Seances":[{"IdSportifEntraineur":{"$numberInt":"60"},"Jour":"samedi","Horaire":{"$numberDouble":"19.0"},"Duree":{"$numberInt":"60"},"Libelle":"Volley ball"},{"IdSportifEntraineur":{"$numberInt":"6"},"Jour":"dimanche","Horaire":{"$numberDouble":"19.0"},"Duree":{"$numberInt":"60"},"Libelle":"Hockey"},{"IdSportifEntraineur":{"$numberInt":"7"},"Jour":"dimanche","Horaire":{"$numberDouble":"17.0"},"Duree":{"$numberInt":"90"},"Libelle":"Hockey"}]}
{"_id":"566eec69662b388eba4642a3","IdGymnase":{"$numberInt":"11"},"NomGymnase":"LAMARTINE","Adresse":"7 rue de la souris verte","Ville":"PIERREFITTE","Surface":{"$numberInt":"300"}}
{"_id":"566eec69662b388eba4642a4","IdGymnase":{"$numberInt":"12"},"NomGymnase":"MOZART","Adresse":"6 Allée Rosana","Ville":"MONTMORENCY","Surface":{"$numberInt":"480"},"Seances":[{"IdSportifEntraineur":{"$numberInt":"57"},"Jour":"dimanche","Horaire":{"$numberDouble":"17.0"},"Duree":{"$numberInt":"60"},"Libelle":"Volley ball"}]}
{"_id":"566eec69662b388eba4642a5","IdGymnase":{"$numberInt":"13"},"NomGymnase":"RAVEL","Adresse":"Place aux pommes","Ville":"STAINS","Surface":{"$numberInt":"200"},"Seances":[{"IdSportifEntraineur":{"$numberInt":"60"},"Jour":"dimanche","Horaire":{"$numberDouble":"19.0"},"Duree":{"$numberInt":"60"},"Libelle":"Volley ball"},{"IdSportifEntraineur":{"$numberInt":"6"},"Jour":"mercredi","Horaire":{"$numberDouble":"20.0"},"Duree":{"$numberInt":"60"},"Libelle":"Hockey"},{"IdSportifEntraineur":{"$numberInt":"7"},"Jour":"lundi","Horaire":{"$numberDouble":"17.0"},"Duree":{"$numberInt":"90"},"Libelle":"Hockey"}]}
{"_id":"566eec69662b388eba4642a6","IdGymnase":{"$numberInt":"14"},"NomGymnase":"CHOPIN","Adresse":"23 rue Carafelli","Ville":"MONTMORENCY","Surface":{"$numberInt":"500"},"Seances":[{"IdSportifEntraineur":{"$numberInt":"149"},"Jour":"Mardi","Horaire":{"$numberDouble":"10.0"},"Duree":{"$numberInt":"60"},"Libelle":"Basket ball"},{"IdSportifEntraineur":{"$numberInt":"57"},"Jour":"dimanche","Horaire":{"$numberDouble":"17.0"},"Duree":{"$numberInt":"60"},"Libelle":"Volley ball"}]}
{"_id":"566eec69662b388eba4642a7","IdGymnase":{"$numberInt":"15"},"NomGymnase":"BREL","Adresse":"4 rue de la miséricorde","Ville":"PIERREFITTE","Surface":{"$numberInt":"400"},"Seances":[{"IdSportifEntraineur":{"$numberInt":"57"},"Jour":"lundi","Horaire":{"$numberDouble":"16.3"},"Duree":{"$numberInt":"90"},"Libelle":"Volley ball"}]}
{"_id":"566eec69662b388eba4642a8","IdGymnase":{"$numberInt":"16"},"NomGymnase":"SAMOURAI","Adresse":"4 Allée des pendules","Ville":"SARCELLES","Surface":{"$numberInt":"600"},"Seances":[{"IdSportifEntraineur":{"$numberInt":"57"},"Jour":"lundi","Horaire":{"$numberDouble":"16.3"},"Duree":{"$numberInt":"90"},"Libelle":"Volley ball"},{"IdSportifEntraineur":{"$numberInt":"60"},"Jour":"Lundi","Horaire":{"$numberDouble":"17.0"},"Duree":{"$numberInt":"60"},"Libelle":"Volley ball"},{"IdSportifEntraineur":{"$numberInt":"60"},"Jour":"Lundi","Horaire":{"$numberDouble":"18.0"},"Duree":{"$numberInt":"60"},"Libelle":"Volley ball"},{"IdSportifEntraineur":{"$numberInt":"60"},"Jour":"lundi","Horaire":{"$numberDouble":"19.0"},"Duree":{"$numberInt":"60"},"Libelle":"Volley ball"},{"IdSportifEntraineur":{"$numberInt":"60"},"Jour":"Lundi","Horaire":{"$numberDouble":"20.0"},"Duree":{"$numberInt":"60"},"Libelle":"Volley ball"},{"IdSportifEntraineur":{"$numberInt":"6"},"Jour":"mercredi","Horaire":{"$numberDouble":"19.0"},"Duree":{"$numberInt":"60"},"Libelle":"Hockey"}]}
{"_id":"566eec69662b388eba4642a9","IdGymnase":{"$numberInt":"17"},"NomGymnase":"GARCIA LORCA","Adresse":"45 bvd des Comes","Ville":"STAINS","Surface":{"$numberInt":"400"},"Seances":[{"IdSportifEntraineur":{"$numberInt":"3"},"Jour":"samedi","Horaire":{"$numberDouble":"17.3"},"Duree":{"$numberInt":"120"},"Libelle":"Volley ball"},{"IdSportifEntraineur":{"$numberInt":"3"},"Jour":"vendredi","Horaire":{"$numberDouble":"17.3"},"Duree":{"$numberInt":"120"},"Libelle":"Volley ball"},{"IdSportifEntraineur":{"$numberInt":"57"},"Jour":"dimanche","Horaire":{"$numberDouble":"17.0"},"Duree":{"$numberInt":"60"},"Libelle":"Volley ball"},{"IdSportifEntraineur":{"$numberInt":"3"},"Jour":"dimanche","Horaire":{"$numberDouble":"18.0"},"Duree":{"$numberInt":"30"},"Libelle":"Hand ball"},{"IdSportifEntraineur":{"$numberInt":"3"},"Jour":"mardi","Horaire":{"$numberDouble":"20.0"},"Duree":{"$numberInt":"30"},"Libelle":"Hand ball"},{"IdSportifEntraineur":{"$numberInt":"7"},"Jour":"mardi","Horaire":{"$numberDouble":"17.0"},"Duree":{"$numberInt":"90"},"Libelle":"Hockey"}]}
{"_id":"566eec69662b388eba4642aa","IdGymnase":{"$numberInt":"18"},"NomGymnase":"PABLO NERUDA","Adresse":"6 rue saint Jean","Ville":"PIERREFITTE","Surface":{"$numberInt":"450"},"Seances":[{"IdSportifEntraineur":{"$numberInt":"57"},"Jour":"lundi","Horaire":{"$numberDouble":"16.3"},"Duree":{"$numberInt":"90"},"Libelle":"Volley ball"},{"IdSportifEntraineur":{"$numberInt":"60"},"Jour":"mardi","Horaire":{"$numberDouble":"19.0"},"Duree":{"$numberInt":"60"},"Libelle":"Volley ball"},{"IdSportifEntraineur":{"$numberInt":"7"},"Jour":"mercredi","Horaire":{"$numberDouble":"14.0"},"Duree":{"$numberInt":"120"},"Libelle":"Hockey"},{"IdSportifEntraineur":{"$numberInt":"7"},"Jour":"mercredi","Horaire":{"$numberDouble":"16.0"},"Duree":{"$numberInt":"90"},"Libelle":"Hockey"}]}
{"_id":"566eec69662b388eba4642ab","IdGymnase":{"$numberInt":"19"},"NomGymnase":"COCTEAU","Adresse":"45 bis rue du moulin rouge","Ville":"MONTMORENCY","Surface":{"$numberInt":"500"},"Seances":[{"IdSportifEntraineur":{"$numberInt":"57"},"Jour":"dimanche","Horaire":{"$numberDouble":"17.0"},"Duree":{"$numberInt":"60"},"Libelle":"Volley ball"}]}
{"_id":"566eec69662b388eba4642ac","IdGymnase":{"$numberInt":"20"},"NomGymnase":"LUMIERES","Adresse":"78 rue Vendôme","Ville":"SARCELLES","Surface":{"$numberInt":"400"},"Seances":[{"IdSportifEntraineur":{"$numberInt":"6"},"Jour":"mercredi","Horaire":{"$numberDouble":"19.0"},"Duree":{"$numberInt":"60"},"Libelle":"Hockey"}]}
{"_id":"566eec69662b388eba4642ad","IdGymnase":{"$numberInt":"21"},"NomGymnase":"SIMON","Adresse":"8 bvd général de Gaulle","Ville":"STAINS","Surface":{"$numberInt":"400"},"Seances":[{"IdSportifEntraineur":{"$numberInt":"57"},"Jour":"lundi","Horaire":{"$numberDouble":"16.3"},"Duree":{"$numberInt":"30"},"Libelle":"Volley ball"},{"IdSportifEntraineur":{"$numberInt":"60"},"Jour":"mardi","Horaire":{"$numberDouble":"19.0"},"Duree":{"$numberInt":"60"},"Libelle":"Volley ball"},{"IdSportifEntraineur":{"$numberInt":"7"},"Jour":"mercredi","Horaire":{"$numberDouble":"17.0"},"Duree":{"$numberInt":"30"},"Libelle":"Hockey"}]}
{"_id":"566eec69662b388eba4642ae","IdGymnase":{"$numberInt":"22"},"NomGymnase":"BARBARA","Adresse":"45  rue du bossu","Ville":"SAINT DENIS","Surface":{"$numberInt":"500"},"Seances":[{"IdSportifEntraineur":{"$numberInt":"57"},"Jour":"mardi","Horaire":{"$numberDouble":"10.0"},"Duree":{"$numberInt":"30"},"Libelle":"Volley ball"}]}
{"_id":"566eec69662b388eba4642af","IdGymnase":{"$numberInt":"23"},"NomGymnase":"ARAGON","Adresse":"10 Bvd Lenoir","Ville":"SAINT DENIS","Surface":{"$numberInt":"520"}}
{"_id":"566eec69662b388eba4642b0","IdGymnase":{"$numberInt":"24"},"NomGymnase":"BELFEGOR","Adresse":"Place de Gaulle","Ville":"SAINT DENIS","Surface":{"$numberInt":"450"},"Seances":[{"IdSportifEntraineur":{"$numberInt":"149"},"Jour":"Jeudi","Horaire":{"$numberDouble":"9.0"},"Duree":{"$numberInt":"90"},"Libelle":"Basket ball"},{"IdSportifEntraineur":{"$numberInt":"57"},"Jour":"mercredi","Horaire":{"$numberDouble":"10.0"},"Duree":{"$numberInt":"90"},"Libelle":"Volley ball"}]}
{"_id":"566eec69662b388eba4642b1","IdGymnase":{"$numberInt":"25"},"NomGymnase":"DOLTO","Adresse":"3 square Plaisir","Ville":"VILLETANEUSE","Surface":{"$numberInt":"620"},"Seances":[{"IdSportifEntraineur":{"$numberInt":"149"},"Jour":"Dimanche","Horaire":{"$numberDouble":"18.0"},"Duree":{"$numberInt":"60"},"Libelle":"Basket ball"}]}
{"_id":"566eec69662b388eba4642b2","IdGymnase":{"$numberInt":"26"},"NomGymnase":"MERMOZ","Adresse":"41 rue des ponts","Ville":"VILLETANEUSE","Surface":{"$numberInt":"600"}}
{"_id":"566eec69662b388eba4642b3","IdGymnase":{"$numberInt":"27"},"NomGymnase":"PASCAL","Adresse":"20 rue de la pirogue","Ville":"VILLETANEUSE","Surface":{"$numberInt":"350"},"Seances":[{"IdSportifEntraineur":{"$numberInt":"57"},"Jour":"jeudi","Horaire":{"$numberDouble":"10.0"},"Duree":{"$numberInt":"90"},"Libelle":"Volley ball"},{"IdSportifEntraineur":{"$numberInt":"7"},"Jour":"mercredi","Horaire":{"$numberDouble":"14.0"},"Duree":{"$numberInt":"120"},"Libelle":"Hockey"},{"IdSportifEntraineur":{"$numberInt":"7"},"Jour":"mercredi","Horaire":{"$numberDouble":"17.0"},"Duree":{"$numberInt":"90"},"Libelle":"Hockey"}]}
{"_id":"566eec69662b388eba4642b4","IdGymnase":{"$numberInt":"28"},"NomGymnase":"BLAISE PASCAL","Adresse":"2bis rue de la moulerie","Ville":"GARGES","Surface":{"$numberInt":"400"},"Seances":[{"IdSportifEntraineur":{"$numberInt":"149"},"Jour":"Lundi","Horaire":{"$numberDouble":"9.0"},"Duree":{"$numberInt":"30"},"Libelle":"Basket ball"},{"IdSportifEntraineur":{"$numberInt":"6"},"Jour":"dimanche","Horaire":{"$numberDouble":"14.0"},"Duree":{"$numberInt":"60"},"Libelle":"Hockey"},{"IdSportifEntraineur":{"$numberInt":"6"},"Jour":"dimanche","Horaire":{"$numberDouble":"15.0"},"Duree":{"$numberInt":"60"},"Libelle":"Hockey"},{"IdSportifEntraineur":{"$numberInt":"6"},"Jour":"dimanche","Horaire":{"$numberDouble":"16.0"},"Duree":{"$numberInt":"60"},"Libelle":"Hockey"},{"IdSportifEntraineur":{"$numberInt":"6"},"Jour":"dimanche","Horaire":{"$numberDouble":"17.0"},"Duree":{"$numberInt":"60"},"Libelle":"Hockey"},{"IdSportifEntraineur":{"$numberInt":"7"},"Jour":"mardi","Horaire":{"$numberDouble":"18.0"},"Duree":{"$numberInt":"90"},"Libelle":"Hockey"},{"IdSportifEntraineur":{"$numberInt":"7"},"Jour":"samedi","Horaire":{"$numberDouble":"18.0"},"Duree":{"$numberInt":"90"},"Libelle":"Hockey"},{"IdSportifEntraineur":{"$numberInt":"7"},"Jour":"vendredi","Horaire":{"$numberDouble":"18.0"},"Duree":{"$numberInt":"90"},"Libelle":"Hockey"}]}
