{"_id":"566eec5f662b388eba464203","IdSportif":{"$numberInt":"1"},"Nom":"BOUTAHAR","Prenom":"Abderahim","Sexe":"m","Age":{"$numberInt":"30"},"Sports":{"Jouer":["Volley ball","Tennis","Football"],"Arbitrer":["Basket ball","Volley ball","Hockey"],"Entrainer":["Basket ball","Volley ball","Hand ball","Hockey","Badmington"]}}
{"_id":"566eec5f662b388eba464204","IdSportif":{"$numberInt":"2"},"Nom":"KERVADEC","Prenom":"Yann","Sexe":"M","Age":{"$numberInt":"28"},"IdSportifConseiller":{"$numberInt":"1"},"Sports":{"Jouer":["Basket ball","Volley ball","Ping pong","Football"],"Arbitrer":["Hockey","Football"],"Entrainer":["Basket ball","Volley ball","Hand ball","Tennis","Hockey","Badmington","Ping pong","Boxe"]}}
{"_id":"566eec5f662b388eba464205","IdSportif":{"$numberInt":"3"},"Nom":"HUE","Prenom":"Pascale","Sexe":"F","Age":{"$numberInt":"25"},"IdSportifConseiller":{"$numberInt":"1"},"Sports":{"Jouer":["Volley ball","Ping pong"],"Arbitrer":["Volley ball","Badmington","Ping pong"],"Entrainer":["Basket ball","Volley ball","Hand ball","Badmington"]}}
{"_id":"566eec5f662b388eba464206","IdSportif":{"$numberInt":"4"},"Nom":"DORLEANS","Prenom":"Jean-michel","Sexe":"M","Age":{"$numberInt":"32"},"IdSportifConseiller":{"$numberInt":"1"},"Sports":{"Jouer":["Volley ball","Football"],"Arbitrer":["Basket ball","Volley ball","Ping pong","Boxe"],"Entrainer":["Basket ball","Ping pong","Boxe"]}}
{"_id":"566eec5f662b388eba464207","IdSportif":{"$numberInt":"5"},"Nom":"COMES","Prenom":"Sylvie","Sexe":"F","Age":{"$numberInt":"22"},"IdSportifConseiller":{"$numberInt":"1"},"Sports":{"Jouer":["Basket ball","Volley ball","Badmington","Ping pong"],"Arbitrer":"Ping pong"}}
{"_id":"566eec5f662b388eba464208","IdSportif":{"$numberInt":"6"},"Nom":"RETALDI","Prenom":"Sophie","Sexe":"F","Age":{"$numberInt":"30"},"IdSportifConseiller":{"$numberInt":"3"},"Sports":{"Jouer":["Basket ball","Volley ball","Hand ball","Ping pong"],"Arbitrer":["Basket ball","Hockey","Ping pong"],"Entrainer":["Hockey","Ping pong","Boxe"]}}
{"_id":"566eec5f662b388eba464209","IdSportif":{"$numberInt":"7"},"Nom":"GOMEZ","Prenom":"Diego","Sexe":"M","Age":{"$numberInt":"25"},"IdSportifConseiller":{"$numberInt":"2"},"Sports":{"Jouer":["Volley ball","Tennis","Football"],"Arbitrer":["Volley ball","Hand ball","Hockey"],"Entrainer":["Volley ball","Hand ball","Hockey","Badmington"]}}
{"_id":"566eec5f662b388eba46420a","IdSportif":{"$numberInt":"9"},"Nom":"ANTUNES","Prenom":"Gaêlle","Sexe":"F","Age":{"$numberInt":"23"},"IdSportifConseiller":{"$numberInt":"4"},"Sports":{"Jouer":["Volley ball","Tennis","Badmington"]}}
{"_id":"566eec5f662b388eba46420b","IdSportif":{"$numberInt":"10"},"Nom":"BLANDET","Prenom":"Arnaud","Sexe":"M","Age":{"$numberInt":"23"},"IdSportifConseiller":{"$numberInt":"2"},"Sports":{"Jouer":["Volley ball","Tennis","Badmington","Football"]}}
{"_id":"566eec5f662b388eba46420c","IdSportif":{"$numberInt":"11"},"Nom":"BONNET","Prenom":"Christophe","Sexe":"M","Age":{"$numberInt":"24"},"IdSportifConseiller":{"$numberInt":"6"},"Sports":{"Jouer":["Volley ball","Tennis","Football"]}}
{"_id":"566eec5f662b388eba46420d","IdSportif":{"$numberInt":"12"},"Nom":"BORREL","Prenom":"Benoît","Sexe":"M","Age":{"$numberInt":"24"},"IdSportifConseiller":{"$numberInt":"8"},"Sports":{"Jouer":["Volley ball","Tennis","Football"]}}
{"_id":"566eec5f662b388eba46420e","IdSportif":{"$numberInt":"13"},"Nom":"BOYON","Prenom":"Julien","Sexe":"M","Age":{"$numberInt":"22"},"IdSportifConseiller":{"$numberInt":"4"},"Sports":{"Jouer":["Volley ball","Badmington","Football"]}}
{"_id":"566eec5f662b388eba46420f","IdSportif":{"$numberInt":"14"},"Nom":"CAILLIOT","Prenom":"Stéphanie","Sexe":"F","Age":{"$numberInt":"24"},"IdSportifConseiller":{"$numberInt":"1"},"Sports":{"Jouer":["Basket ball","Volley ball","Ping pong"]}}
{"_id":"566eec5f662b388eba464210","IdSportif":{"$numberInt":"15"},"Nom":"CHAMPENOIS","Prenom":"Cédric","Sexe":"M","Age":{"$numberInt":"25"},"IdSportifConseiller":{"$numberInt":"3"},"Sports":{"Jouer":["Volley ball","Tennis","Football"]}}
{"_id":"566eec5f662b388eba464211","IdSportif":{"$numberInt":"16"},"Nom":"COLAS","Prenom":"Michaël","Sexe":"M","Age":{"$numberInt":"24"},"IdSportifConseiller":{"$numberInt":"8"},"Sports":{"Jouer":["Volley ball","Football"]}}
{"_id":"566eec5f662b388eba464212","IdSportif":{"$numberInt":"17"},"Nom":"COLOMB","Prenom":"Michaël","Sexe":"M","Age":{"$numberInt":"22"},"IdSportifConseiller":{"$numberInt":"7"},"Sports":{"Jouer":["Volley ball","Badmington","Football"]}}
{"_id":"566eec5f662b388eba464213","IdSportif":{"$numberInt":"18"},"Nom":"HOSNI","Prenom":"Leila","Sexe":"F","Age":{"$numberInt":"25"},"IdSportifConseiller":{"$numberInt":"5"},"Sports":{"Jouer":"Volley ball"}}
{"_id":"566eec5f662b388eba464214","IdSportif":{"$numberInt":"19"},"Nom":"TESTEMONT","Prenom":"Laurent","Sexe":"M","Age":{"$numberInt":"25"},"IdSportifConseiller":{"$numberInt":"1"},"Sports":{"Jouer":["Volley ball","Hand ball","Football"],"Arbitrer":"Volley ball"}}
{"_id":"566eec5f662b388eba464215","IdSportif":{"$numberInt":"20"},"Nom":"TIENER","Prenom":"Thomas","Sexe":"M","Age":{"$numberInt":"25"},"IdSportifConseiller":{"$numberInt":"2"},"Sports":{"Jouer":["Basket ball","Volley ball","Hand ball","Ping pong","Football"],"Arbitrer":"Volley ball"}}
{"_id":"566eec5f662b388eba464216","IdSportif":{"$numberInt":"21"},"Nom":"LE BOUCHER","Prenom":"Denis","Sexe":"M","Age":{"$numberInt":"22"},"IdSportifConseiller":{"$numberInt":"2"},"Sports":{"Jouer":["Volley ball","Tennis","Badmington","Football"]}}
{"_id":"566eec5f662b388eba464217","IdSportif":{"$numberInt":"22"},"Nom":"LEDUFAUD","Prenom":"Pierre","Sexe":"M","Age":{"$numberInt":"25"},"IdSportifConseiller":{"$numberInt":"3"},"Sports":{"Jouer":["Basket ball","Volley ball","Ping pong","Football"]}}
{"_id":"566eec5f662b388eba464218","IdSportif":{"$numberInt":"23"},"Nom":"LEGRAND","Prenom":"David","Sexe":"M","Age":{"$numberInt":"24"},"IdSportifConseiller":{"$numberInt":"2"},"Sports":{"Jouer":["Volley ball","Tennis","Football"]}}
{"_id":"566eec5f662b388eba464219","IdSportif":{"$numberInt":"24"},"Nom":"LEJEUNE","Prenom":"Sylvaine","Sexe":"F","Age":{"$numberInt":"23"},"IdSportifConseiller":{"$numberInt":"7"},"Sports":{"Jouer":["Basket ball","Volley ball","Badmington","Ping pong"]}}
{"_id":"566eec5f662b388eba46421a","IdSportif":{"$numberInt":"25"},"Nom":"MARTORA","Prenom":"Fabrice","Sexe":"M","Age":{"$numberInt":"23"},"IdSportifConseiller":{"$numberInt":"9"},"Sports":{"Jouer":["Volley ball","Hand ball","Tennis","Badmington","Football"]}}
{"_id":"566eec5f662b388eba46421b","IdSportif":{"$numberInt":"26"},"Nom":"MICHEL","Prenom":"Frédérique","Sexe":"F","Age":{"$numberInt":"23"},"IdSportifConseiller":{"$numberInt":"3"},"Sports":{"Jouer":["Volley ball","Hand ball","Tennis","Badmington"]}}
{"_id":"566eec5f662b388eba46421c","IdSportif":{"$numberInt":"27"},"Nom":"NIELLEZ","Prenom":"Christophe","Sexe":"M","Age":{"$numberInt":"23"},"IdSportifConseiller":{"$numberInt":"7"},"Sports":{"Jouer":["Volley ball","Hand ball","Tennis","Badmington","Football"]}}
{"_id":"566eec5f662b388eba46421d","IdSportif":{"$numberInt":"28"},"Nom":"RABAHI","Prenom":"Rabah","Sexe":"M","Age":{"$numberInt":"40"},"IdSportifConseiller":{"$numberInt":"4"},"Sports":{"Jouer":["Basket ball","Volley ball","Hand ball","Ping pong","Football"]}}
{"_id":"566eec5f662b388eba46421e","IdSportif":{"$numberInt":"29"},"Nom":"ROUSSEL","Prenom":"Nadège","Sexe":"F","Age":{"$numberInt":"22"},"IdSportifConseiller":{"$numberInt":"5"},"Sports":{"Jouer":["Volley ball","Hand ball","Badmington","Ping pong"],"Arbitrer":"Ping pong","Entrainer":"Ping pong"}}
{"_id":"566eec5f662b388eba46421f","IdSportif":{"$numberInt":"30"},"Nom":"SCHINK","Prenom":"Nicolas","Sexe":"M","Age":{"$numberInt":"24"},"IdSportifConseiller":{"$numberInt":"4"},"Sports":{"Jouer":["Volley ball","Hand ball","Ping pong","Football"],"Entrainer":"Ping pong"}}
{"_id":"566eec5f662b388eba464220","IdSportif":{"$numberInt":"31"},"Nom":"STEMPUT","Prenom":"Mathieu","Sexe":"M","Age":{"$numberInt":"22"},"IdSportifConseiller":{"$numberInt":"2"},"Sports":{"Jouer":["Volley ball","Hand ball","Badmington","Football"],"Entrainer":"Ping pong"}}
{"_id":"566eec5f662b388eba464221","IdSportif":{"$numberInt":"32"},"Nom":"VAN CAUTER","Prenom":"Vincent","Sexe":"M","Age":{"$numberInt":"23"},"IdSportifConseiller":{"$numberInt":"3"},"Sports":{"Jouer":["Basket ball","Volley ball","Hand ball","Badmington","Ping pong","Football"],"Arbitrer":"Ping pong","Entrainer":"Ping pong"}}
{"_id":"566eec60662b388eba464222","IdSportif":{"$numberInt":"33"},"Nom":"RAMPNOUX","Prenom":"Jean françois","Sexe":"M","Age":{"$numberInt":"23"},"IdSportifConseiller":{"$numberInt":"1"},"Sports":{"Jouer":["Volley ball","Hand ball","Badmington","Football"]}}
{"_id":"566eec60662b388eba464223","IdSportif":{"$numberInt":"34"},"Nom":"LHERPINIERE","Prenom":"Olivier","Sexe":"M","Age":{"$numberInt":"24"},"IdSportifConseiller":{"$numberInt":"3"},"Sports":{"Jouer":["Volley ball","Hand ball","Ping pong","Football"]}}
{"_id":"566eec60662b388eba464224","IdSportif":{"$numberInt":"35"},"Nom":"TANQUE","Prenom":"Yann","Sexe":"M","Age":{"$numberInt":"24"},"IdSportifConseiller":{"$numberInt":"4"},"Sports":{"Jouer":["Basket ball","Volley ball","Hand ball","Ping pong","Football"],"Arbitrer":"Badmington","Entrainer":["Badmington","Ping pong"]}}
{"_id":"566eec60662b388eba464225","IdSportif":{"$numberInt":"36"},"Nom":"DJELOUDANE","Prenom":"Zinedine","Sexe":"M","Age":{"$numberInt":"28"},"IdSportifConseiller":{"$numberInt":"1"},"Sports":{"Jouer":["Basket ball","Volley ball","Ping pong","Football"],"Entrainer":"Badmington"}}
{"_id":"566eec60662b388eba464226","IdSportif":{"$numberInt":"37"},"Nom":"LAZZARI","Prenom":"Magali","Sexe":"F","Age":{"$numberInt":"25"},"IdSportifConseiller":{"$numberInt":"44"},"Sports":{"Jouer":"Volley ball"}}
{"_id":"566eec60662b388eba464227","IdSportif":{"$numberInt":"38"},"Nom":"VASSEMON","Prenom":"Laurent","Sexe":"M","Age":{"$numberInt":"24"},"IdSportifConseiller":{"$numberInt":"1"},"Sports":{"Jouer":["Hand ball","Badmington","Football"],"Entrainer":"Ping pong"}}
{"_id":"566eec60662b388eba464228","IdSportif":{"$numberInt":"39"},"Nom":"MOREL","Prenom":"Mathieu","Sexe":"M","Age":{"$numberInt":"24"},"IdSportifConseiller":{"$numberInt":"8"},"Sports":{"Jouer":["Hand ball","Football"]}}
{"_id":"566eec60662b388eba464229","IdSportif":{"$numberInt":"40"},"Nom":"VALIN","Prenom":"Yann","Sexe":"M","Age":{"$numberInt":"23"},"IdSportifConseiller":{"$numberInt":"2"},"Sports":{"Jouer":["Basket ball","Hand ball","Badmington","Ping pong","Football"],"Entrainer":["Badmington","Ping pong"]}}
{"_id":"566eec60662b388eba46422a","IdSportif":{"$numberInt":"41"},"Nom":"DELOVINA","Prenom":"Elina","Sexe":"F","Age":{"$numberInt":"22"},"IdSportifConseiller":{"$numberInt":"7"},"Sports":{"Jouer":["Tennis","Badmington"]}}
{"_id":"566eec60662b388eba46422b","IdSportif":{"$numberInt":"42"},"Nom":"LEHOUX","Prenom":"Bruno","Sexe":"M","Age":{"$numberInt":"23"},"IdSportifConseiller":{"$numberInt":"5"},"Sports":{"Jouer":["Tennis","Badmington","Football"]}}
{"_id":"566eec60662b388eba46422c","IdSportif":{"$numberInt":"43"},"Nom":"MATHIEU","Prenom":"Denise","Sexe":"F","Age":{"$numberInt":"23"},"IdSportifConseiller":{"$numberInt":"6"},"Sports":{"Jouer":["Hand ball","Tennis","Badmington"]}}
{"_id":"566eec60662b388eba46422d","IdSportif":{"$numberInt":"44"},"Nom":"ADIBO","Prenom":"Senamé","Sexe":"M","Age":{"$numberInt":"28"},"IdSportifConseiller":{"$numberInt":"21"},"Sports":{"Jouer":["Basket ball","Ping pong","Football"]}}
{"_id":"566eec60662b388eba46422e","IdSportif":{"$numberInt":"45"},"Nom":"CHAVANT","Prenom":"Christophe","Sexe":"M","Age":{"$numberInt":"25"},"Sports":{"Jouer":["Tennis","Football"]}}
{"_id":"566eec60662b388eba46422f","IdSportif":{"$numberInt":"46"},"Nom":"DAUXIAN","Prenom":"Cédric","Sexe":"M","Age":{"$numberInt":"24"},"IdSportifConseiller":{"$numberInt":"4"},"Sports":{"Jouer":["Tennis","Football"]}}
{"_id":"566eec60662b388eba464230","IdSportif":{"$numberInt":"47"},"Nom":"GROEN","Prenom":"Céline","Sexe":"F","Age":{"$numberInt":"25"},"IdSportifConseiller":{"$numberInt":"2"},"Sports":{"Jouer":"Tennis"}}
{"_id":"566eec60662b388eba464231","IdSportif":{"$numberInt":"48"},"Nom":"HEDDI","Prenom":"Zohra","Sexe":"F","Age":{"$numberInt":"23"},"IdSportifConseiller":{"$numberInt":"2"},"Sports":{"Jouer":["Basket ball","Badmington","Ping pong"],"Entrainer":"Badmington"}}
{"_id":"566eec60662b388eba464232","IdSportif":{"$numberInt":"49"},"Nom":"JOUVE","Prenom":"Sandra","Sexe":"F","Age":{"$numberInt":"24"},"IdSportifConseiller":{"$numberInt":"5"},"Sports":{"Jouer":["Basket ball","Ping pong"]}}
{"_id":"566eec60662b388eba464233","IdSportif":{"$numberInt":"50"},"Nom":"KALOMBO","Prenom":"Yannick","Sexe":"M","Age":{"$numberInt":"22"},"IdSportifConseiller":{"$numberInt":"2"},"Sports":{"Jouer":["Basket ball","Badmington","Ping pong","Football"],"Entrainer":"Badmington"}}
{"_id":"566eec60662b388eba464234","IdSportif":{"$numberInt":"51"},"Nom":"LOPEZ","Prenom":"Thibaud","Sexe":"M","Age":{"$numberInt":"24"},"IdSportifConseiller":{"$numberInt":"5"},"Sports":{"Jouer":["Basket ball","Hand ball","Ping pong","Football"]}}
{"_id":"566eec60662b388eba464235","IdSportif":{"$numberInt":"52"},"Nom":"DANDOIS","Prenom":"Régis","Sexe":"M","Age":{"$numberInt":"22"},"IdSportifConseiller":{"$numberInt":"5"},"Sports":{"Jouer":["Basket ball","Badmington","Ping pong","Football"]}}
{"_id":"566eec60662b388eba464236","IdSportif":{"$numberInt":"53"},"Nom":"DEMMER","Prenom":"Thomas","Sexe":"M","Age":{"$numberInt":"22"},"IdSportifConseiller":{"$numberInt":"1"},"Sports":{"Jouer":["Basket ball","Badmington","Ping pong","Football"]}}
{"_id":"566eec60662b388eba464237","IdSportif":{"$numberInt":"54"},"Nom":"ELKABBADJ","Prenom":"Mohammed","Sexe":"M","Age":{"$numberInt":"23"},"IdSportifConseiller":{"$numberInt":"2"},"Sports":{"Jouer":["Badmington","Ping pong","Football"]}}
{"_id":"566eec60662b388eba464238","IdSportif":{"$numberInt":"55"},"Nom":"FEROLDI","Prenom":"Olivier","Sexe":"M","Age":{"$numberInt":"23"},"IdSportifConseiller":{"$numberInt":"2"},"Sports":{"Jouer":["Badmington","Ping pong","Football"]}}
{"_id":"566eec60662b388eba464239","IdSportif":{"$numberInt":"56"},"Nom":"GUERRAOUI","Prenom":"Zohra","Sexe":"F","Age":{"$numberInt":"25"},"IdSportifConseiller":{"$numberInt":"1"},"Sports":{"Jouer":["Basket ball","Ping pong"],"Entrainer":"Badmington"}}
{"_id":"566eec60662b388eba46423a","IdSportif":{"$numberInt":"57"},"Nom":"BOISSEAU","Prenom":"Eric","Sexe":"M","Age":{"$numberInt":"25"},"IdSportifConseiller":{"$numberInt":"1"},"Sports":{"Jouer":["Tennis","Football"],"Entrainer":["Volley ball","Tennis"]}}
{"_id":"566eec60662b388eba46423b","IdSportif":{"$numberInt":"58"},"Nom":"GUIGUI","Prenom":"Vincent","Sexe":"M","Age":{"$numberInt":"23"},"IdSportifConseiller":{"$numberInt":"4"},"Sports":{"Jouer":["Basket ball","Badmington","Ping pong","Football"],"Entrainer":["Volley ball","Tennis"]}}
{"_id":"566eec60662b388eba46423c","IdSportif":{"$numberInt":"59"},"Nom":"CLERICE","Prenom":"Stéphanie","Sexe":"F","Age":{"$numberInt":"23"},"Sports":{"Jouer":["Basket ball","Badmington","Ping pong"],"Arbitrer":"Tennis","Entrainer":["Volley ball","Tennis"]}}
{"_id":"566eec60662b388eba46423d","IdSportif":{"$numberInt":"60"},"Nom":"TIZEGHAT","Prenom":"Benamar","Sexe":"M","Age":{"$numberInt":"32"},"IdSportifConseiller":{"$numberInt":"3"},"Sports":{"Jouer":["Hand ball","Tennis","Football"],"Arbitrer":"Volley ball","Entrainer":["Volley ball","Tennis","Ping pong"]}}
{"_id":"566eec60662b388eba46423e","IdSportif":{"$numberInt":"61"},"Nom":"LAZARRE","Prenom":"Jean","Sexe":"M","Age":{"$numberInt":"27"},"IdSportifConseiller":{"$numberInt":"7"},"Sports":{"Jouer":"Football","Entrainer":["Volley ball","Tennis"]}}
{"_id":"566eec60662b388eba46423f","IdSportif":{"$numberInt":"62"},"Nom":"BAZOUD","Prenom":"Jérôme","Sexe":"M","Age":{"$numberInt":"32"},"IdSportifConseiller":{"$numberInt":"3"},"Sports":{"Jouer":"Football"}}
{"_id":"566eec60662b388eba464240","IdSportif":{"$numberInt":"63"},"Nom":"AMAND","Prenom":"Patrick","Sexe":"M","Age":{"$numberInt":"30"},"IdSportifConseiller":{"$numberInt":"1"},"Sports":{"Jouer":["Basket ball","Ping pong","Football"]}}
{"_id":"566eec60662b388eba464241","IdSportif":{"$numberInt":"64"},"Nom":"LANOE","Prenom":"Françoise","Sexe":"F","Age":{"$numberInt":"30"},"IdSportifConseiller":{"$numberInt":"2"},"Sports":{"Jouer":"Tennis"}}
{"_id":"566eec60662b388eba464242","IdSportif":{"$numberInt":"65"},"Nom":"CHESNIER","Prenom":"Marc","Sexe":"M","Age":{"$numberInt":"30"},"Sports":{"Jouer":"Football"}}
{"_id":"566eec60662b388eba464243","IdSportif":{"$numberInt":"66"},"Nom":"DURIEU","Prenom":"Loïc","Sexe":"M","Age":{"$numberInt":"30"},"IdSportifConseiller":{"$numberInt":"2"},"Sports":{"Jouer":"Football"}}
{"_id":"566eec60662b388eba464244","IdSportif":{"$numberInt":"67"},"Nom":"VONTHRON","Prenom":"Dominique","Sexe":"F","Age":{"$numberInt":"26"},"IdSportifConseiller":{"$numberInt":"2"},"Sports":{"Jouer":["Hand ball","Tennis"]}}
{"_id":"566eec60662b388eba464245","IdSportif":{"$numberInt":"68"},"Nom":"REGNAULD","Prenom":"Jeanne","Sexe":"F","Age":{"$numberInt":"30"},"IdSportifConseiller":{"$numberInt":"2"},"Sports":{"Jouer":"Hand ball"}}
{"_id":"566eec60662b388eba464246","IdSportif":{"$numberInt":"69"},"Nom":"MARIE","Prenom":"Paule","Sexe":"F","Age":{"$numberInt":"25"},"IdSportifConseiller":{"$numberInt":"7"},"Sports":{"Jouer":["Basket ball","Hand ball","Ping pong"]}}
{"_id":"566eec60662b388eba464247","IdSportif":{"$numberInt":"70"},"Nom":"BELLAMY","Prenom":"Norbert","Sexe":"M","Age":{"$numberInt":"30"},"IdSportifConseiller":{"$numberInt":"9"},"Sports":{"Jouer":["Ping pong","Football"]}}
{"_id":"566eec60662b388eba464248","IdSportif":{"$numberInt":"71"},"Nom":"DELAROCHE","Prenom":"Bertrand","Sexe":"M","Age":{"$numberInt":"30"},"IdSportifConseiller":{"$numberInt":"8"},"Sports":{"Jouer":["Tennis","Football"]}}
{"_id":"566eec60662b388eba464249","IdSportif":{"$numberInt":"72"},"Nom":"MARTEL","Prenom":"Bernard","Sexe":"M","Age":{"$numberInt":"22"},"IdSportifConseiller":{"$numberInt":"8"},"Sports":{"Jouer":["Hand ball","Tennis","Badmington","Football"]}}
{"_id":"566eec60662b388eba46424a","IdSportif":{"$numberInt":"73"},"Nom":"DALLIER","Prenom":"Didier","Sexe":"M","Age":{"$numberInt":"30"},"IdSportifConseiller":{"$numberInt":"6"},"Sports":{"Jouer":["Tennis","Football"]}}
{"_id":"566eec60662b388eba46424b","IdSportif":{"$numberInt":"74"},"Nom":"AUVRAY","Prenom":"Alain","Sexe":"M","Age":{"$numberInt":"30"},"IdSportifConseiller":{"$numberInt":"5"},"Sports":{"Jouer":["Tennis","Football"]}}
{"_id":"566eec60662b388eba46424c","IdSportif":{"$numberInt":"75"},"Nom":"SARRAZIN","Prenom":"Noëlle","Sexe":"F","Age":{"$numberInt":"39"},"IdSportifConseiller":{"$numberInt":"1"},"Sports":{"Jouer":["Hand ball","Ping pong"]}}
{"_id":"566eec60662b388eba46424d","IdSportif":{"$numberInt":"76"},"Nom":"HALGATTE","Prenom":"Claude","Sexe":"F","Age":{"$numberInt":"30"},"IdSportifConseiller":{"$numberInt":"21"},"Sports":{"Jouer":"Tennis"}}
{"_id":"566eec60662b388eba46424e","IdSportif":{"$numberInt":"77"},"Nom":"HEON","Prenom":"Philippe","Sexe":"M","Age":{"$numberInt":"30"},"IdSportifConseiller":{"$numberInt":"1"},"Sports":{"Jouer":["Basket ball","Ping pong","Football"]}}
{"_id":"566eec60662b388eba46424f","IdSportif":{"$numberInt":"78"},"Nom":"CHAUVIN","Prenom":"Julien","Sexe":"M","Age":{"$numberInt":"30"},"Sports":{"Jouer":"Football"}}
{"_id":"566eec60662b388eba464250","IdSportif":{"$numberInt":"79"},"Nom":"HENRY","Prenom":"Jacky","Sexe":"M","Age":{"$numberInt":"30"},"IdSportifConseiller":{"$numberInt":"2"},"Sports":{"Jouer":"Football"}}
{"_id":"566eec60662b388eba464251","IdSportif":{"$numberInt":"80"},"Nom":"HOCHET","Prenom":"Pierre","Sexe":"M","Age":{"$numberInt":"30"},"IdSportifConseiller":{"$numberInt":"1"},"Sports":{"Jouer":["Basket ball","Ping pong","Football"]}}
{"_id":"566eec60662b388eba464252","IdSportif":{"$numberInt":"81"},"Nom":"DROULLON","Prenom":"Joëlle","Sexe":"F","Age":{"$numberInt":"30"},"IdSportifConseiller":{"$numberInt":"1"}}
{"_id":"566eec60662b388eba464253","IdSportif":{"$numberInt":"82"},"Nom":"HOUEL","Prenom":"Jean-louis","Sexe":"M","Age":{"$numberInt":"40"},"IdSportifConseiller":{"$numberInt":"14"},"Sports":{"Jouer":"Football"}}
{"_id":"566eec60662b388eba464254","IdSportif":{"$numberInt":"83"},"Nom":"LEROUX","Prenom":"André","Sexe":"M","Age":{"$numberInt":"30"},"IdSportifConseiller":{"$numberInt":"4"},"Sports":{"Jouer":["Hand ball","Tennis","Football"]}}
{"_id":"566eec60662b388eba464255","IdSportif":{"$numberInt":"84"},"Nom":"SALLAÏ","Prenom":"Miloud","Sexe":"M","Age":{"$numberInt":"28"},"IdSportifConseiller":{"$numberInt":"2"},"Sports":{"Jouer":["Hand ball","Football"]}}
{"_id":"566eec60662b388eba464256","IdSportif":{"$numberInt":"85"},"Nom":"HAMARD","Prenom":"Romain","Sexe":"M","Age":{"$numberInt":"30"},"IdSportifConseiller":{"$numberInt":"2"},"Sports":{"Jouer":["Basket ball","Ping pong","Football"]}}
{"_id":"566eec60662b388eba464257","IdSportif":{"$numberInt":"86"},"Nom":"GALLOT","Prenom":"Bernard","Sexe":"M","Age":{"$numberInt":"30"},"IdSportifConseiller":{"$numberInt":"2"},"Sports":{"Jouer":["Tennis","Football"]}}
{"_id":"566eec60662b388eba464258","IdSportif":{"$numberInt":"87"},"Nom":"COUESBOT","Prenom":"Daniel","Sexe":"M","Age":{"$numberInt":"30"},"IdSportifConseiller":{"$numberInt":"2"},"Sports":{"Jouer":["Tennis","Football"]}}
{"_id":"566eec60662b388eba464259","IdSportif":{"$numberInt":"88"},"Nom":"LEJEUNE","Prenom":"Richard","Sexe":"M","Age":{"$numberInt":"30"},"IdSportifConseiller":{"$numberInt":"8"},"Sports":{"Jouer":["Basket ball","Ping pong","Football"]}}
{"_id":"566eec60662b388eba46425a","IdSportif":{"$numberInt":"89"},"Nom":"RIQUIER","Prenom":"Jean-pierre","Sexe":"M","Age":{"$numberInt":"30"},"Sports":{"Jouer":["Hand ball","Football"]}}
{"_id":"566eec60662b388eba46425b","IdSportif":{"$numberInt":"90"},"Nom":"DUREL","Prenom":"Eric","Sexe":"M","Age":{"$numberInt":"30"},"IdSportifConseiller":{"$numberInt":"2"},"Sports":{"Jouer":["Tennis","Football"]}}
{"_id":"566eec60662b388eba46425c","IdSportif":{"$numberInt":"91"},"Nom":"LECHEVALIER","Prenom":"Patrick","Sexe":"M","Age":{"$numberInt":"30"},"IdSportifConseiller":{"$numberInt":"98"},"Sports":{"Jouer":["Basket ball","Ping pong","Football"]}}
{"_id":"566eec60662b388eba46425d","IdSportif":{"$numberInt":"92"},"Nom":"HERVIEU","Prenom":"Jean-François","Sexe":"M","Age":{"$numberInt":"22"},"IdSportifConseiller":{"$numberInt":"5"},"Sports":{"Jouer":["Badmington","Football"]}}
{"_id":"566eec60662b388eba46425e","IdSportif":{"$numberInt":"93"},"Nom":"CAUCHARD","Prenom":"Georges","Sexe":"M","Age":{"$numberInt":"30"},"IdSportifConseiller":{"$numberInt":"2"},"Sports":{"Jouer":"Football"}}
{"_id":"566eec60662b388eba46425f","IdSportif":{"$numberInt":"94"},"Nom":"LEROUX","Prenom":"Paule","Sexe":"M","Age":{"$numberInt":"36"},"IdSportifConseiller":{"$numberInt":"4"},"Sports":{"Jouer":["Basket ball","Hand ball","Ping pong","Football"],"Arbitrer":"Basket ball"}}
{"_id":"566eec60662b388eba464260","IdSportif":{"$numberInt":"95"},"Nom":"EUSTACHE","Prenom":"Marcel","Sexe":"M","Age":{"$numberInt":"30"},"IdSportifConseiller":{"$numberInt":"2"},"Sports":{"Jouer":"Football"}}
{"_id":"566eec60662b388eba464261","IdSportif":{"$numberInt":"96"},"Nom":"JANY","Prenom":"Claude","Sexe":"M","Age":{"$numberInt":"30"},"IdSportifConseiller":{"$numberInt":"2"},"Sports":{"Jouer":["Tennis","Football"]}}
{"_id":"566eec60662b388eba464262","IdSportif":{"$numberInt":"97"},"Nom":"BONHOMME","Prenom":"Bruno","Sexe":"M","Age":{"$numberInt":"30"},"Sports":{"Jouer":["Tennis","Football"]}}
{"_id":"566eec60662b388eba464263","IdSportif":{"$numberInt":"98"},"Nom":"RICHARD","Prenom":"William","Sexe":"M","Age":{"$numberInt":"30"},"IdSportifConseiller":{"$numberInt":"2"},"Sports":{"Jouer":["Basket ball","Hand ball","Ping pong","Football"],"Arbitrer":"Basket ball"}}
{"_id":"566eec60662b388eba464264","IdSportif":{"$numberInt":"99"},"Nom":"BONE","Prenom":"Guy","Sexe":"M","Age":{"$numberInt":"32"},"Sports":{"Jouer":"Football"}}
{"_id":"566eec60662b388eba464265","IdSportif":{"$numberInt":"100"},"Nom":"LESOIF","Prenom":"Jacques","Sexe":"M","Age":{"$numberInt":"30"},"IdSportifConseiller":{"$numberInt":"9"},"Sports":{"Jouer":["Hand ball","Football"]}}
{"_id":"566eec60662b388eba464266","IdSportif":{"$numberInt":"101"},"Nom":"SWERTVAEGER","Prenom":"Eric","Sexe":"M","Age":{"$numberInt":"30"},"IdSportifConseiller":{"$numberInt":"5"},"Sports":{"Jouer":["Hand ball","Tennis","Football"]}}
{"_id":"566eec60662b388eba464267","IdSportif":{"$numberInt":"102"},"Nom":"DUVAL","Prenom":"Alain","Sexe":"M","Age":{"$numberInt":"30"},"IdSportifConseiller":{"$numberInt":"2"},"Sports":{"Jouer":["Tennis","Football"]}}
{"_id":"566eec60662b388eba464268","IdSportif":{"$numberInt":"103"},"Nom":"LEMENOREL","Prenom":"Claude","Sexe":"M","Age":{"$numberInt":"30"},"IdSportifConseiller":{"$numberInt":"4"},"Sports":{"Jouer":["Tennis","Football"]}}
{"_id":"566eec60662b388eba464269","IdSportif":{"$numberInt":"104"},"Nom":"SEHIER","Prenom":"Dominique","Sexe":"F","Age":{"$numberInt":"30"},"IdSportifConseiller":{"$numberInt":"1"},"Sports":{"Jouer":["Hand ball","Tennis"]}}
{"_id":"566eec60662b388eba46426a","IdSportif":{"$numberInt":"105"},"Nom":"STILO","Prenom":"Philippe","Sexe":"M","Age":{"$numberInt":"30"},"IdSportifConseiller":{"$numberInt":"3"},"Sports":{"Jouer":["Basket ball","Hand ball","Ping pong","Football"],"Arbitrer":"Basket ball"}}
{"_id":"566eec60662b388eba46426b","IdSportif":{"$numberInt":"106"},"Nom":"LE BANNARD","Prenom":"Gérard","Sexe":"M","Age":{"$numberInt":"30"},"IdSportifConseiller":{"$numberInt":"1"},"Sports":{"Jouer":"Football"}}
{"_id":"566eec60662b388eba46426c","IdSportif":{"$numberInt":"107"},"Nom":"BORNE","Prenom":"Jean-Yves","Sexe":"M","Age":{"$numberInt":"30"},"IdSportifConseiller":{"$numberInt":"9"},"Sports":{"Jouer":"Football"}}
{"_id":"566eec60662b388eba46426d","IdSportif":{"$numberInt":"108"},"Nom":"LAURENCE","Prenom":"Serge","Sexe":"M","Age":{"$numberInt":"30"},"IdSportifConseiller":{"$numberInt":"4"},"Sports":{"Jouer":["Basket ball","Ping pong","Football"]}}
{"_id":"566eec60662b388eba46426e","IdSportif":{"$numberInt":"109"},"Nom":"SAUVAGE","Prenom":"Patrick","Sexe":"M","Age":{"$numberInt":"30"},"IdSportifConseiller":{"$numberInt":"5"},"Sports":{"Jouer":["Basket ball","Hand ball","Ping pong","Football"]}}
{"_id":"566eec60662b388eba46426f","IdSportif":{"$numberInt":"110"},"Nom":"ROULLAND","Prenom":"Christian","Sexe":"M","Age":{"$numberInt":"30"},"IdSportifConseiller":{"$numberInt":"4"},"Sports":{"Jouer":["Hand ball","Tennis","Football"]}}
{"_id":"566eec60662b388eba464270","IdSportif":{"$numberInt":"111"},"Nom":"LESIEUR","Prenom":"Michel","Sexe":"M","Age":{"$numberInt":"30"},"IdSportifConseiller":{"$numberInt":"8"},"Sports":{"Jouer":["Hand ball","Football"]}}
{"_id":"566eec60662b388eba464271","IdSportif":{"$numberInt":"112"},"Nom":"LUYCKX","Prenom":"Gérard","Sexe":"M","Age":{"$numberInt":"30"},"IdSportifConseiller":{"$numberInt":"2"},"Sports":{"Jouer":["Hand ball","Football"]}}
{"_id":"566eec60662b388eba464272","IdSportif":{"$numberInt":"113"},"Nom":"AVICE","Prenom":"Benoît","Sexe":"M","Age":{"$numberInt":"30"},"IdSportifConseiller":{"$numberInt":"2"},"Sports":{"Jouer":["Tennis","Football"]}}
{"_id":"566eec60662b388eba464273","IdSportif":{"$numberInt":"114"},"Nom":"MICHEL","Prenom":"Danielle","Sexe":"F","Age":{"$numberInt":"22"},"IdSportifConseiller":{"$numberInt":"5"},"Sports":{"Jouer":["Hand ball","Tennis","Badmington"]}}
{"_id":"566eec60662b388eba464274","IdSportif":{"$numberInt":"115"},"Nom":"LEMOUSSU","Prenom":"Laurent","Sexe":"M","Age":{"$numberInt":"30"},"IdSportifConseiller":{"$numberInt":"1"},"Sports":{"Jouer":"Football"}}
{"_id":"566eec60662b388eba464275","IdSportif":{"$numberInt":"116"},"Nom":"BELUAU","Prenom":"Gilberte","Sexe":"F","Age":{"$numberInt":"30"},"IdSportifConseiller":{"$numberInt":"8"}}
{"_id":"566eec60662b388eba464276","IdSportif":{"$numberInt":"117"},"Nom":"FERREIRA","Prenom":"Martine","Sexe":"F","Age":{"$numberInt":"30"},"IdSportifConseiller":{"$numberInt":"2"}}
{"_id":"566eec60662b388eba464277","IdSportif":{"$numberInt":"118"},"Nom":"FROMENT","Prenom":"Philippe","Sexe":"M","Age":{"$numberInt":"30"},"IdSportifConseiller":{"$numberInt":"2"},"Sports":{"Jouer":["Basket ball","Ping pong","Football"]}}
{"_id":"566eec60662b388eba464278","IdSportif":{"$numberInt":"119"},"Nom":"GUITON","Prenom":"Jean-paul","Sexe":"M","Age":{"$numberInt":"30"},"IdSportifConseiller":{"$numberInt":"1"},"Sports":{"Jouer":"Football"}}
{"_id":"566eec60662b388eba464279","IdSportif":{"$numberInt":"120"},"Nom":"LECOMTE","Prenom":"Christian","Sexe":"M","Age":{"$numberInt":"30"},"IdSportifConseiller":{"$numberInt":"6"},"Sports":{"Jouer":["Tennis","Football"]}}
{"_id":"566eec60662b388eba46427a","IdSportif":{"$numberInt":"121"},"Nom":"HUET","Prenom":"Loïc","Sexe":"M","Age":{"$numberInt":"30"},"IdSportifConseiller":{"$numberInt":"5"},"Sports":{"Jouer":"Football"}}
{"_id":"566eec60662b388eba46427b","IdSportif":{"$numberInt":"122"},"Nom":"BECQUET","Prenom":"Erika","Sexe":"F","Age":{"$numberInt":"30"},"IdSportifConseiller":{"$numberInt":"6"},"Sports":{"Jouer":"Tennis"}}
{"_id":"566eec60662b388eba46427c","IdSportif":{"$numberInt":"123"},"Nom":"LETHIMONNIER","Prenom":"Victor","Sexe":"M","Age":{"$numberInt":"30"},"IdSportifConseiller":{"$numberInt":"6"},"Sports":{"Jouer":["Basket ball","Hand ball","Ping pong","Football"]}}
{"_id":"566eec60662b388eba46427d","IdSportif":{"$numberInt":"124"},"Nom":"SWERTVAEGER","Prenom":"Michelle","Sexe":"F","Age":{"$numberInt":"30"},"IdSportifConseiller":{"$numberInt":"2"},"Sports":{"Jouer":"Hand ball"}}
{"_id":"566eec60662b388eba46427e","IdSportif":{"$numberInt":"125"},"Nom":"JALON","Prenom":"Patrick","Sexe":"M","Age":{"$numberInt":"30"},"IdSportifConseiller":{"$numberInt":"2"},"Sports":{"Jouer":["Basket ball","Ping pong","Football"]}}
{"_id":"566eec60662b388eba46427f","IdSportif":{"$numberInt":"126"},"Nom":"DEBOUT","Prenom":"Eric","Sexe":"M","Age":{"$numberInt":"30"},"IdSportifConseiller":{"$numberInt":"5"},"Sports":{"Jouer":["Tennis","Football"]}}
{"_id":"566eec60662b388eba464280","IdSportif":{"$numberInt":"127"},"Nom":"GASTELLIER","Prenom":"Charles","Sexe":"M","Age":{"$numberInt":"30"},"IdSportifConseiller":{"$numberInt":"2"},"Sports":{"Jouer":["Tennis","Football"]}}
{"_id":"566eec60662b388eba464281","IdSportif":{"$numberInt":"128"},"Nom":"GIRONIE","Prenom":"André","Sexe":"M","Age":{"$numberInt":"30"},"IdSportifConseiller":{"$numberInt":"1"},"Sports":{"Jouer":["Tennis","Football"]}}
{"_id":"566eec60662b388eba464282","IdSportif":{"$numberInt":"129"},"Nom":"DABON","Prenom":"Richard","Sexe":"M","Age":{"$numberInt":"30"},"IdSportifConseiller":{"$numberInt":"3"},"Sports":{"Jouer":["Basket ball","Ping pong","Football"]}}
{"_id":"566eec60662b388eba464283","IdSportif":{"$numberInt":"130"},"Nom":"LECHAUVE","Prenom":"Jean-Claude","Sexe":"M","Age":{"$numberInt":"30"},"IdSportifConseiller":{"$numberInt":"5"},"Sports":{"Jouer":"Football"}}
{"_id":"566eec60662b388eba464284","IdSportif":{"$numberInt":"131"},"Nom":"GALLOIS","Prenom":"Michelle","Sexe":"F","Age":{"$numberInt":"30"},"IdSportifConseiller":{"$numberInt":"2"}}
{"_id":"566eec60662b388eba464285","IdSportif":{"$numberInt":"132"},"Nom":"DORON","Prenom":"Yannick","Sexe":"M","Age":{"$numberInt":"30"},"IdSportifConseiller":{"$numberInt":"1"},"Sports":{"Jouer":["Basket ball","Ping pong","Football"]}}
{"_id":"566eec60662b388eba464286","IdSportif":{"$numberInt":"133"},"Nom":"LENEVEU","Prenom":"Julien","Sexe":"M","Age":{"$numberInt":"30"},"IdSportifConseiller":{"$numberInt":"2"},"Sports":{"Jouer":"Football"}}
{"_id":"566eec60662b388eba464287","IdSportif":{"$numberInt":"134"},"Nom":"LERICHE","Prenom":"Harry","Sexe":"M","Age":{"$numberInt":"30"},"IdSportifConseiller":{"$numberInt":"5"},"Sports":{"Jouer":"Football"}}
{"_id":"566eec60662b388eba464288","IdSportif":{"$numberInt":"135"},"Nom":"MANCEL","Prenom":"Jean-luc","Sexe":"M","Age":{"$numberInt":"30"},"IdSportifConseiller":{"$numberInt":"4"},"Sports":{"Jouer":["Hand ball","Football"]}}
{"_id":"566eec60662b388eba464289","IdSportif":{"$numberInt":"136"},"Nom":"LABOULAIS","Prenom":"Chloé","Sexe":"F","Age":{"$numberInt":"26"},"IdSportifConseiller":{"$numberInt":"2"},"Sports":{"Jouer":"Tennis"}}
{"_id":"566eec60662b388eba46428a","IdSportif":{"$numberInt":"137"},"Nom":"DUDOUIT","Prenom":"Chloé","Sexe":"F","Age":{"$numberInt":"26"},"IdSportifConseiller":{"$numberInt":"2"},"Sports":{"Jouer":"Tennis"}}
{"_id":"566eec60662b388eba46428b","IdSportif":{"$numberInt":"138"},"Nom":"MADELAINE","Prenom":"Chloé","Sexe":"F","Age":{"$numberInt":"26"},"IdSportifConseiller":{"$numberInt":"1"},"Sports":{"Jouer":["Hand ball","Tennis"]}}
{"_id":"566eec60662b388eba46428c","IdSportif":{"$numberInt":"139"},"Nom":"BESNARD","Prenom":"Chloé","Sexe":"F","Age":{"$numberInt":"26"},"IdSportifConseiller":{"$numberInt":"4"},"Sports":{"Jouer":"Tennis"}}
{"_id":"566eec60662b388eba46428d","IdSportif":{"$numberInt":"140"},"Nom":"BELZ","Prenom":"Chloé","Sexe":"F","Age":{"$numberInt":"26"},"IdSportifConseiller":{"$numberInt":"7"},"Sports":{"Jouer":"Tennis"}}
{"_id":"566eec60662b388eba46428e","IdSportif":{"$numberInt":"141"},"Nom":"BONNET","Prenom":"Chloé","Sexe":"F","Age":{"$numberInt":"26"},"IdSportifConseiller":{"$numberInt":"5"},"Sports":{"Jouer":"Tennis"}}
{"_id":"566eec60662b388eba46428f","IdSportif":{"$numberInt":"142"},"Nom":"CORNET","Prenom":"Chloé","Sexe":"F","Age":{"$numberInt":"26"},"IdSportifConseiller":{"$numberInt":"1"},"Sports":{"Jouer":"Tennis"}}
{"_id":"566eec60662b388eba464290","IdSportif":{"$numberInt":"143"},"Nom":"BEUZELIN","Prenom":"Chloé","Sexe":"F","Age":{"$numberInt":"26"},"IdSportifConseiller":{"$numberInt":"5"},"Sports":{"Jouer":"Tennis"}}
{"_id":"566eec60662b388eba464291","IdSportif":{"$numberInt":"144"},"Nom":"GRANDIDIER","Prenom":"Chloé","Sexe":"F","Age":{"$numberInt":"26"},"IdSportifConseiller":{"$numberInt":"2"},"Sports":{"Jouer":"Tennis"}}
{"_id":"566eec60662b388eba464292","IdSportif":{"$numberInt":"145"},"Nom":"LENEVEU","Prenom":"Marie","Sexe":"F","Age":{"$numberInt":"25"},"IdSportifConseiller":{"$numberInt":"2"}}
{"_id":"566eec60662b388eba464293","IdSportif":{"$numberInt":"146"},"Nom":"DABON","Prenom":"Rick","Sexe":"M","Age":{"$numberInt":"25"},"IdSportifConseiller":{"$numberInt":"3"}}
{"_id":"566eec60662b388eba464294","IdSportif":{"$numberInt":"147"},"Nom":"CLERICE","Prenom":"Alice","Sexe":"F","Age":{"$numberInt":"25"},"IdSportifConseiller":{"$numberInt":"2"}}
{"_id":"566eec60662b388eba464295","IdSportif":{"$numberInt":"148"},"Nom":"COMES","Prenom":"Marie","Sexe":"F","Age":{"$numberInt":"27"},"IdSportifConseiller":{"$numberInt":"1"}}
{"_id":"566eec60662b388eba464296","IdSportif":{"$numberInt":"149"},"Nom":"BELZ","Prenom":"Sylvianne","Sexe":"F","Age":{"$numberInt":"27"},"IdSportifConseiller":{"$numberInt":"7"},"Sports":{"Jouer":"Basket ball","Arbitrer":"Basket ball","Entrainer":"Basket ball"}}
{"_id":"566eec60662b388eba464297","IdSportif":{"$numberInt":"150"},"Nom":"BELZ","Prenom":"Paul","Sexe":"M","Age":{"$numberInt":"25"},"IdSportifConseiller":{"$numberInt":"2"}}
{"_id":"566eec60662b388eba464298","IdSportif":{"$numberInt":"151"},"Nom":"HENRY","Prenom":"Maël","Sexe":"M","Age":{"$numberInt":"25"},"IdSportifConseiller":{"$numberInt":"2"},"Sports":{"Jouer":["Basket ball","Hand ball"],"Arbitrer":["Basket ball","Hand ball"],"Entrainer":["Basket ball","Hand ball"]}}
